"study","SCHIZO_N","TD_N","PitchMeanSCHIZO_mean","PitchMeanTD_mean","PitchMeanSCHIZO_SD","PitchMeanTD_SD","yi","vi"
"1",335,352,154.344278728415,146.729790866506,21.6805343563554,24.6637723176048,0.327047304410471,0.00590382937958128
"2",182,184,130.099190969922,122.484703108013,25.9930881427145,28.9763261039639,0.275984944699267,0.0110333423241037
"4",158,128,159.611248319344,151.996760457435,21.2992426772679,24.2824806385173,0.334820986034316,0.0143376018483321
