"study","PITCH_F0SD_HC_M","PITCH_F0_HC_M","PITCH_F0SD_HC_SD","PITCH_F0_HC_SD","SAMPLE_SIZE_HC","PITCH_F0SD_SZ_M","PITCH_F0_SZ_M","PITCH_F0SD_SZ_SD","PITCH_F0_SZ_SD","SAMPLE_SIZE_SZ","yi","vi","yiSD","viSD"
"1",24.6637723176048,146.729790866506,15.7985231217762,51.0364540227908,352,21.6805343563554,154.344278728415,29.5419592950507,54.7480917159814,335,0.14384122474351,0.00584104215877601,-0.126672211989137,0.00583766191958715
"2",28.9763261039639,122.484703108013,20.4890091557323,34.7615383529152,184,25.9930881427145,130.099190969922,47.3645622052455,60.5030460691229,182,0.154220400157422,0.0109617798133442,-0.0817377988234467,0.010938415244945
"4",24.2824806385173,151.996760457435,21.3167247016682,46.6226735018543,128,21.2992426772679,159.611248319344,12.5760398567416,46.6558730671623,158,0.162825704161347,0.0141879639414206,-0.174528297504694,0.0141948658936833
